image_path,brand,timestamp
images/black/1002.jpg,其他,2026-06-08T04:43:10.977295
images/black/1003.jpg,丰田,2026-06-08T04:43:10.977295
images/black/1005.jpg,其他,2026-06-08T04:43:10.977295
images/black/1011.jpg,雪佛兰,2026-06-08T04:43:10.977295
images/black/1015.jpg,比亚迪,2026-06-08T04:43:10.977295
images/black/14.jpg,奥迪,2026-06-08T04:43:10.977295
images/black/15.jpg,奥迪,2026-06-08T04:43:10.977295
images/black/150.jpg,其他,2026-06-08T04:43:10.977295
images/black/162.jpg,现代,2026-06-08T04:43:10.977295
images/black/165.jpg,其他,2026-06-08T04:43:10.977295
images/black/172.jpg,一汽,2026-06-08T04:43:10.977295
images/black/180.jpg,现代,2026-06-08T04:43:10.977295
images/black/185.jpg,奥迪,2026-06-08T04:43:10.977295
images/black/207.jpg,现代,2026-06-08T04:43:10.977295
images/black/216.jpg,奥迪,2026-06-08T04:43:10.977295
images/black/217.jpg,别克,2026-06-08T04:43:10.977295
images/black/218.jpg,其他,2026-06-08T04:43:10.977295
images/black/237.jpg,别克,2026-06-08T04:43:10.977295
images/black/238.jpg,现代,2026-06-08T04:43:10.977295
images/black/239.jpg,福特,2026-06-08T04:43:10.977295
images/black/247.jpg,大众,2026-06-08T04:43:10.977295
images/black/253.jpg,大众,2026-06-08T04:43:10.977295
images/black/264.jpg,大众,2026-06-08T04:43:10.977295
images/black/265.jpg,雪佛兰,2026-06-08T04:43:10.977295
images/black/276.jpg,丰田,2026-06-08T04:43:10.977295
images/black/28.jpg,别克,2026-06-08T04:43:10.977295
images/black/284.jpg,其他,2026-06-08T04:43:10.977295
images/black/289.jpg,别克,2026-06-08T04:43:10.977295
images/black/31.jpg,大众,2026-06-08T04:43:10.977295
images/black/32.jpg,大众,2026-06-08T04:43:10.977295
images/black/37.jpg,丰田,2026-06-08T04:43:10.977295
images/black/394.jpg,奇瑞,2026-06-08T04:43:10.977295
images/black/40.jpg,其他,2026-06-08T04:43:10.977295
images/black/402.jpg,日产,2026-06-08T04:43:10.977295
images/black/407.jpg,起亚,2026-06-08T04:43:10.977295
images/black/411.jpg,丰田,2026-06-08T04:43:10.977295
images/black/412.jpg,丰田,2026-06-08T04:43:10.977295
images/black/416.jpg,大众,2026-06-08T04:43:10.977295
images/black/425.jpg,其他,2026-06-08T04:43:10.977295
images/black/430.jpg,雪佛兰,2026-06-08T04:43:10.977295
images/black/45.jpg,其他,2026-06-08T04:43:10.977295
images/black/48.jpg,别克,2026-06-08T04:43:10.977295
images/black/55.jpg,其他,2026-06-08T04:43:10.977295
images/black/586.jpg,奥迪,2026-06-08T04:43:10.977295
images/black/591.jpg,现代,2026-06-08T04:43:10.977295
images/black/60.jpg,其他,2026-06-08T04:43:10.977295
images/black/61.jpg,现代,2026-06-08T04:43:10.977295
images/black/616.jpg,比亚迪,2026-06-08T04:43:10.977295
images/black/617.jpg,其他,2026-06-08T04:43:10.977295
images/black/625.jpg,其他,2026-06-08T04:43:10.977295
images/black/63.jpg,大众,2026-06-08T04:43:10.977295
images/black/637.jpg,奥迪,2026-06-08T04:43:10.977295
images/black/685.jpg,比亚迪,2026-06-08T04:43:10.977295
images/black/699.jpg,大众,2026-06-08T04:43:10.977295
images/black/71.jpg,比亚迪,2026-06-08T04:43:10.977295
images/black/724.jpg,别克,2026-06-08T04:43:10.977295
images/black/732.jpg,本田,2026-06-08T04:43:10.977295
images/black/735.jpg,别克,2026-06-08T04:43:10.977295
images/black/739.jpg,比亚迪,2026-06-08T04:43:10.977295
images/black/741.jpg,现代,2026-06-08T04:43:10.977295
images/black/742.jpg,大众,2026-06-08T04:43:10.977295
images/black/747.jpg,现代,2026-06-08T04:43:10.977295
images/black/757.jpg,奥迪,2026-06-08T04:43:10.977295
images/black/765.jpg,本田,2026-06-08T04:43:10.977295
images/black/901.jpg,其他,2026-06-08T04:43:10.977295
images/black/912.jpg,其他,2026-06-08T04:43:10.977295
images/black/920.jpg,其他,2026-06-08T04:43:10.977295
images/black/933.jpg,福特,2026-06-08T04:43:10.977295
images/black/935.jpg,别克,2026-06-08T04:43:10.977295
images/black/987.jpg,其他,2026-06-08T04:43:10.977295
images/black/989.jpg,福特,2026-06-08T04:43:10.977295
images/blue/1013.jpg,其他,2026-06-08T04:43:10.977295
images/blue/1017.jpg,大众,2026-06-08T04:43:10.977295
images/blue/1021.jpg,其他,2026-06-08T04:43:10.977295
images/blue/1041.jpg,一汽,2026-06-08T04:43:10.977295
images/blue/11.jpg,中华,2026-06-08T04:43:10.977295
images/blue/1122.jpg,一汽,2026-06-08T04:43:10.977295
images/blue/1131.jpg,大众,2026-06-08T04:43:10.977295
images/blue/1235.jpg,一汽,2026-06-08T04:43:10.977295
images/blue/1236.jpg,江淮,2026-06-08T04:43:10.977295
images/blue/1274.jpg,大众,2026-06-08T04:43:10.977295
images/blue/128.jpg,标致,2026-06-08T04:43:10.977295
images/blue/1293.jpg,大众,2026-06-08T04:43:10.977295
images/blue/1308.jpg,大众,2026-06-08T04:43:10.977295
images/blue/1346.jpg,大众,2026-06-08T04:43:10.977295
images/blue/138.jpg,大众,2026-06-08T04:43:10.977295
images/blue/1436.jpg,大众,2026-06-08T04:43:10.977295
images/blue/1451.jpg,大众,2026-06-08T04:43:10.977295
images/blue/1458.jpg,本田,2026-06-08T04:43:10.977295
images/blue/1537.jpg,大众,2026-06-08T04:43:10.977295
images/blue/155.jpg,大众,2026-06-08T04:43:10.977295
images/blue/16.jpg,现代,2026-06-08T04:43:10.977295
images/blue/1615.jpg,其他,2026-06-08T04:43:10.977295
images/blue/1682.jpg,其他,2026-06-08T04:43:10.977295
images/blue/173.jpg,大众,2026-06-08T04:43:10.977295
images/blue/1738.jpg,大众,2026-06-08T04:43:10.977295
images/blue/1767.jpg,大众,2026-06-08T04:43:10.977295
images/blue/178.jpg,其他,2026-06-08T04:43:10.977295
images/blue/1793.jpg,其他,2026-06-08T04:43:10.977295
images/blue/181.jpg,福田,2026-06-08T04:43:10.977295
images/blue/1823.jpg,大众,2026-06-08T04:43:10.977295
images/blue/1907.jpg,大众,2026-06-08T04:43:10.977295
images/blue/193.jpg,其他,2026-06-08T04:43:10.977295
images/blue/199.jpg,大众,2026-06-08T04:43:10.977295
images/blue/2006.jpg,江淮,2026-06-08T04:43:10.977295
images/blue/201.jpg,大众,2026-06-08T04:43:10.977295
images/blue/202.jpg,其他,2026-06-08T04:43:10.977295
images/blue/2033.jpg,其他,2026-06-08T04:43:10.977295
images/blue/227.jpg,大众,2026-06-08T04:43:10.977295
images/blue/229.jpg,一汽,2026-06-08T04:43:10.977295
images/blue/233.jpg,大众,2026-06-08T04:43:10.977295
images/blue/243.jpg,一汽,2026-06-08T04:43:10.977295
images/blue/291.jpg,一汽,2026-06-08T04:43:10.977295
images/blue/292.jpg,金杯,2026-06-08T04:43:10.977295
images/blue/305.jpg,一汽,2026-06-08T04:43:10.977295
images/blue/315.jpg,五菱,2026-06-08T04:43:10.977295
images/blue/326.jpg,大众,2026-06-08T04:43:10.977295
images/blue/352.jpg,大众,2026-06-08T04:43:10.977295
images/blue/369.jpg,其他,2026-06-08T04:43:10.977295
images/blue/376.jpg,其他,2026-06-08T04:43:10.977295
images/blue/414.jpg,大众,2026-06-08T04:43:10.977295
images/blue/418.jpg,大众,2026-06-08T04:43:10.977295
images/blue/43.jpg,其他,2026-06-08T04:43:10.977295
images/blue/475.jpg,江淮,2026-06-08T04:43:10.977295
images/blue/479.jpg,其他,2026-06-08T04:43:10.977295
images/blue/494.jpg,大众,2026-06-08T04:43:10.977295
images/blue/538.jpg,福田,2026-06-08T04:43:10.977295
images/blue/539.jpg,一汽,2026-06-08T04:43:10.977295
images/blue/559.jpg,大众,2026-06-08T04:43:10.977295
images/blue/574.jpg,大众,2026-06-08T04:43:10.977295
images/blue/656.jpg,其他,2026-06-08T04:43:10.977295
images/blue/67.jpg,其他,2026-06-08T04:43:10.977295
images/blue/698.jpg,五菱,2026-06-08T04:43:10.977295
images/blue/720.jpg,铃木,2026-06-08T04:43:10.977295
images/blue/749.jpg,大众,2026-06-08T04:43:10.977295
images/blue/774.jpg,铃木,2026-06-08T04:43:10.977295
images/blue/775.jpg,大众,2026-06-08T04:43:10.977295
images/blue/889.jpg,长安,2026-06-08T04:43:10.977295
images/blue/917.jpg,铃木,2026-06-08T04:43:10.977295
images/blue/938.jpg,大众,2026-06-08T04:43:10.977295
images/brown/1080.jpg,大众,2026-06-08T04:43:10.977295
images/brown/110.jpg,长安,2026-06-08T04:43:10.977295
images/brown/116.jpg,长安,2026-06-08T04:43:10.977295
images/brown/1163.jpg,大众,2026-06-08T04:43:10.977295
images/brown/1182.jpg,其他,2026-06-08T04:43:10.977295
images/brown/1243.jpg,五菱,2026-06-08T04:43:10.977295
images/brown/1352.jpg,大众,2026-06-08T04:43:10.977295
images/brown/1381.jpg,长安,2026-06-08T04:43:10.977295
images/brown/154.jpg,长城,2026-06-08T04:43:10.977295
images/brown/1604.jpg,长安,2026-06-08T04:43:10.977295
images/brown/1735.jpg,江淮,2026-06-08T04:43:10.977295
images/brown/1736.jpg,其他,2026-06-08T04:43:10.977295
images/brown/1819.jpg,日产,2026-06-08T04:43:10.977295
images/brown/1855.jpg,日产,2026-06-08T04:43:10.977295
images/brown/1875.jpg,比亚迪,2026-06-08T04:43:10.977295
images/brown/1927.jpg,大众,2026-06-08T04:43:10.977295
images/brown/248.jpg,五菱,2026-06-08T04:43:10.977295
images/brown/261.jpg,长安,2026-06-08T04:43:10.977295
images/brown/2679.jpg,长安,2026-06-08T04:43:10.977295
images/brown/2745.jpg,起亚,2026-06-08T04:43:10.977295
images/brown/2754.jpg,日产,2026-06-08T04:43:10.977295
images/brown/2770.jpg,其他,2026-06-08T04:43:10.977295
images/brown/2783.jpg,别克,2026-06-08T04:43:10.977295
images/brown/2803.jpg,奥迪,2026-06-08T04:43:10.977295
images/brown/2843.jpg,奥迪,2026-06-08T04:43:10.977295
images/brown/2876.jpg,其他,2026-06-08T04:43:10.977295
images/brown/3015.jpg,大众,2026-06-08T04:43:10.977295
images/brown/3042.jpg,其他,2026-06-08T04:43:10.977295
images/brown/3184.jpg,现代,2026-06-08T04:43:10.977295
images/brown/3220.jpg,现代,2026-06-08T04:43:10.977295
images/brown/3277.jpg,长安,2026-06-08T04:43:10.977295
images/brown/3325.jpg,长安,2026-06-08T04:43:10.977295
images/brown/3327.jpg,大众,2026-06-08T04:43:10.977295
images/brown/337.jpg,大众,2026-06-08T04:43:10.977295
images/brown/3382.jpg,其他,2026-06-08T04:43:10.977295
images/brown/339.jpg,大众,2026-06-08T04:43:10.977295
images/brown/3407.jpg,长安,2026-06-08T04:43:10.977295
images/brown/3450.jpg,标致,2026-06-08T04:43:10.977295
images/brown/3478.jpg,现代,2026-06-08T04:43:10.977295
images/brown/3525.jpg,大众,2026-06-08T04:43:10.977295
images/brown/3549.jpg,其他,2026-06-08T04:43:10.977295
images/brown/3810.jpg,日产,2026-06-08T04:43:10.977295
images/brown/512.jpg,大众,2026-06-08T04:43:10.977295
images/brown/540.jpg,长安,2026-06-08T04:43:10.977295
images/brown/595.jpg,长安,2026-06-08T04:43:10.977295
images/brown/622.jpg,现代,2026-06-08T04:43:10.977295
images/brown/661.jpg,日产,2026-06-08T04:43:10.977295
images/brown/678.jpg,现代,2026-06-08T04:43:10.977295
images/brown/680.jpg,大众,2026-06-08T04:43:10.977295
images/brown/682.jpg,大众,2026-06-08T04:43:10.977295
images/brown/762.jpg,长安,2026-06-08T04:43:10.977295
images/brown/797.jpg,起亚,2026-06-08T04:43:10.977295
images/brown/817.jpg,日产,2026-06-08T04:43:10.977295
images/brown/858.jpg,海马,2026-06-08T04:43:10.977295
images/brown/879.jpg,日产,2026-06-08T04:43:10.977295
images/brown/953.jpg,比亚迪,2026-06-08T04:43:10.977295
images/brown/970.jpg,长安,2026-06-08T04:43:10.977295
images/brown/984.jpg,日产,2026-06-08T04:43:10.977295
images/bus/1168.jpg,现代,2026-06-08T04:43:10.977295
images/bus/1235.jpg,一汽,2026-06-08T04:43:10.977295
images/bus/1268.jpg,其他,2026-06-08T04:43:10.977295
images/bus/1637.jpg,一汽,2026-06-08T04:43:10.977295
images/bus/1638.jpg,一汽,2026-06-08T04:43:10.977295
images/bus/1884.jpg,其他,2026-06-08T04:43:10.977295
images/bus/1893.jpg,其他,2026-06-08T04:43:10.977295
images/bus/1991.jpg,其他,2026-06-08T04:43:10.977295
images/bus/200.jpg,其他,2026-06-08T04:43:10.977295
images/bus/2077.jpg,其他,2026-06-08T04:43:10.977295
images/bus/2079.jpg,其他,2026-06-08T04:43:10.977295
images/bus/2081.jpg,其他,2026-06-08T04:43:10.977295
images/bus/2204.jpg,其他,2026-06-08T04:43:10.977295
images/bus/2219.jpg,其他,2026-06-08T04:43:10.977295
images/bus/2347.jpg,江淮,2026-06-08T04:43:10.977295
images/bus/2389.jpg,其他,2026-06-08T04:43:10.977295
images/bus/2400.jpg,一汽,2026-06-08T04:43:10.977295
images/bus/2412.jpg,舒驰,2026-06-08T04:43:10.977295
images/bus/2467.jpg,其他,2026-06-08T04:43:10.977295
images/bus/2535.jpg,舒驰,2026-06-08T04:43:10.977295
images/bus/2557.jpg,其他,2026-06-08T04:43:10.977295
images/bus/2558.jpg,一汽,2026-06-08T04:43:10.977295
images/bus/2561.jpg,其他,2026-06-08T04:43:10.977295
images/bus/2597.jpg,舒驰,2026-06-08T04:43:10.977295
images/bus/2598.jpg,其他,2026-06-08T04:43:10.977295
images/bus/2628.jpg,其他,2026-06-08T04:43:10.977295
images/bus/2669.jpg,一汽,2026-06-08T04:43:10.977295
images/bus/2692.jpg,一汽,2026-06-08T04:43:10.977295
images/bus/2721.jpg,雪铁龙,2026-06-08T04:43:10.977295
images/bus/2737.jpg,其他,2026-06-08T04:43:10.977295
images/bus/2740.jpg,其他,2026-06-08T04:43:10.977295
images/bus/2757.jpg,一汽,2026-06-08T04:43:10.977295
images/bus/2775.jpg,其他,2026-06-08T04:43:10.977295
images/bus/2782.jpg,其他,2026-06-08T04:43:10.977295
images/bus/2795.jpg,其他,2026-06-08T04:43:10.977295
images/bus/2806.jpg,其他,2026-06-08T04:43:10.977295
images/bus/2808.jpg,舒驰,2026-06-08T04:43:10.977295
images/bus/2820.jpg,其他,2026-06-08T04:43:10.977295
images/bus/2884.jpg,其他,2026-06-08T04:43:10.977295
images/bus/2897.jpg,其他,2026-06-08T04:43:10.977295
images/bus/2901.jpg,其他,2026-06-08T04:43:10.977295
images/bus/2905.jpg,其他,2026-06-08T04:43:10.977295
images/bus/2964.jpg,现代,2026-06-08T04:43:10.977295
images/bus/2965.jpg,舒驰,2026-06-08T04:43:10.977295
images/bus/2973.jpg,其他,2026-06-08T04:43:10.977295
images/bus/3009.jpg,一汽,2026-06-08T04:43:10.977295
images/bus/3043.jpg,其他,2026-06-08T04:43:10.977295
images/bus/3066.jpg,一汽,2026-06-08T04:43:10.977295
images/bus/3069.jpg,其他,2026-06-08T04:43:10.977295
images/bus/3070.jpg,其他,2026-06-08T04:43:10.977295
images/bus/3100.jpg,一汽,2026-06-08T04:43:10.977295
images/bus/3111.jpg,现代,2026-06-08T04:43:10.977295
images/bus/3126.jpg,其他,2026-06-08T04:43:10.977295
images/bus/3172.jpg,其他,2026-06-08T04:43:10.977295
images/bus/3185.jpg,其他,2026-06-08T04:43:10.977295
images/bus/3189.jpg,现代,2026-06-08T04:43:10.977295
images/bus/3214.jpg,一汽,2026-06-08T04:43:10.977295
images/bus/3215.jpg,一汽,2026-06-08T04:43:10.977295
images/bus/3231.jpg,其他,2026-06-08T04:43:10.977295
images/bus/3232.jpg,其他,2026-06-08T04:43:10.977295
images/bus/3245.jpg,舒驰,2026-06-08T04:43:10.977295
images/bus/3271.jpg,其他,2026-06-08T04:43:10.977295
images/bus/3298.jpg,其他,2026-06-08T04:43:10.977295
images/bus/3440.jpg,一汽,2026-06-08T04:43:10.977295
images/bus/3457.jpg,现代,2026-06-08T04:43:10.977295
images/bus/3458.jpg,其他,2026-06-08T04:43:10.977295
images/bus/3467.jpg,其他,2026-06-08T04:43:10.977295
images/bus/3493.jpg,其他,2026-06-08T04:43:10.977295
images/bus/3513.jpg,其他,2026-06-08T04:43:10.977295
images/bus/3514.jpg,其他,2026-06-08T04:43:10.977295
images/bus/3544.jpg,其他,2026-06-08T04:43:10.977295
images/bus/3545.jpg,一汽,2026-06-08T04:43:10.977295
images/bus/3562.jpg,福田,2026-06-08T04:43:10.977295
images/bus/3638.jpg,别克,2026-06-08T04:43:10.977295
images/bus/3681.jpg,一汽,2026-06-08T04:43:10.977295
images/bus/3758.jpg,其他,2026-06-08T04:43:10.977295
images/bus/3773.jpg,一汽,2026-06-08T04:43:10.977295
images/bus/3778.jpg,一汽,2026-06-08T04:43:10.977295
images/bus/3779.jpg,其他,2026-06-08T04:43:10.977295
images/bus/479.jpg,其他,2026-06-08T04:43:10.977295
images/bus/729.jpg,舒驰,2026-06-08T04:43:10.977295
images/bus/768.jpg,其他,2026-06-08T04:43:10.977295
images/bus/862.jpg,一汽,2026-06-08T04:43:10.977295
images/bus/992.jpg,其他,2026-06-08T04:43:10.977295
images/car/11.jpg,中华,2026-06-08T04:43:10.977295
images/car/155.jpg,大众,2026-06-08T04:43:10.977295
images/car/157.jpg,大众,2026-06-08T04:43:10.977295
images/car/16.jpg,现代,2026-06-08T04:43:10.977295
images/car/160.jpg,大众,2026-06-08T04:43:10.977295
images/car/161.jpg,大众,2026-06-08T04:43:10.977295
images/car/162.jpg,现代,2026-06-08T04:43:10.977295
images/car/164.jpg,丰田,2026-06-08T04:43:10.977295
images/car/175.jpg,福特,2026-06-08T04:43:10.977295
images/car/176.jpg,海马,2026-06-08T04:43:10.977295
images/car/182.jpg,大众,2026-06-08T04:43:10.977295
images/car/19.jpg,大众,2026-06-08T04:43:10.977295
images/car/2.jpg,其他,2026-06-08T04:43:10.977295
images/car/205.jpg,大众,2026-06-08T04:43:10.977295
images/car/208.jpg,雪佛兰,2026-06-08T04:43:10.977295
images/car/210.jpg,大众,2026-06-08T04:43:10.977295
images/car/216.jpg,奥迪,2026-06-08T04:43:10.977295
images/car/223.jpg,丰田,2026-06-08T04:43:10.977295
images/car/224.jpg,丰田,2026-06-08T04:43:10.977295
images/car/244.jpg,大众,2026-06-08T04:43:10.977295
images/car/246.jpg,大众,2026-06-08T04:43:10.977295
images/car/25.jpg,雪佛兰,2026-06-08T04:43:10.977295
images/car/256.jpg,其他,2026-06-08T04:43:10.977295
images/car/259.jpg,丰田,2026-06-08T04:43:10.977295
images/car/260.jpg,大众,2026-06-08T04:43:10.977295
images/car/3.jpg,长城,2026-06-08T04:43:10.977295
images/car/326.jpg,大众,2026-06-08T04:43:10.977295
images/car/334.jpg,大众,2026-06-08T04:43:10.977295
images/car/337.jpg,大众,2026-06-08T04:43:10.977295
images/car/342.jpg,大众,2026-06-08T04:43:10.977295
images/car/344.jpg,丰田,2026-06-08T04:43:10.977295
images/car/346.jpg,大众,2026-06-08T04:43:10.977295
images/car/349.jpg,日产,2026-06-08T04:43:10.977295
images/car/362.jpg,其他,2026-06-08T04:43:10.977295
images/car/364.jpg,长城,2026-06-08T04:43:10.977295
images/car/365.jpg,大众,2026-06-08T04:43:10.977295
images/car/366.jpg,日产,2026-06-08T04:43:10.977295
images/car/387.jpg,本田,2026-06-08T04:43:10.977295
images/car/389.jpg,海马,2026-06-08T04:43:10.977295
images/car/390.jpg,起亚,2026-06-08T04:43:10.977295
images/car/393.jpg,大众,2026-06-08T04:43:10.977295
images/car/396.jpg,别克,2026-06-08T04:43:10.977295
images/car/4.jpg,别克,2026-06-08T04:43:10.977295
images/car/401.jpg,日产,2026-06-08T04:43:10.977295
images/car/405.jpg,大众,2026-06-08T04:43:10.977295
images/car/407.jpg,起亚,2026-06-08T04:43:10.977295
images/car/410.jpg,丰田,2026-06-08T04:43:10.977295
images/car/411.jpg,丰田,2026-06-08T04:43:10.977295
images/car/413.jpg,别克,2026-06-08T04:43:10.977295
images/car/414.jpg,大众,2026-06-08T04:43:10.977295
images/car/423.jpg,大众,2026-06-08T04:43:10.977295
images/car/426.jpg,起亚,2026-06-08T04:43:10.977295
images/car/428.jpg,铃木,2026-06-08T04:43:10.977295
images/car/433.jpg,其他,2026-06-08T04:43:10.977295
images/car/436.jpg,长安,2026-06-08T04:43:10.977295
images/car/444.jpg,大众,2026-06-08T04:43:10.977295
images/car/445.jpg,大众,2026-06-08T04:43:10.977295
images/car/446.jpg,大众,2026-06-08T04:43:10.977295
images/car/48.jpg,别克,2026-06-08T04:43:10.977295
images/car/508.jpg,比亚迪,2026-06-08T04:43:10.977295
images/car/512.jpg,大众,2026-06-08T04:43:10.977295
images/car/514.jpg,福特,2026-06-08T04:43:10.977295
images/car/515.jpg,日产,2026-06-08T04:43:10.977295
images/car/517.jpg,别克,2026-06-08T04:43:10.977295
images/car/518.jpg,日产,2026-06-08T04:43:10.977295
images/car/52.jpg,奥迪,2026-06-08T04:43:10.977295
images/car/6.jpg,奇瑞,2026-06-08T04:43:10.977295
images/car/60.jpg,奔驰,2026-06-08T04:43:10.977295
images/car/62.jpg,大众,2026-06-08T04:43:10.977295
images/car/7.jpg,海马,2026-06-08T04:43:10.977295
images/green/1033.jpg,大众,2026-06-08T04:43:10.977295
images/green/1088.jpg,大众,2026-06-08T04:43:10.977295
images/green/1125.jpg,大众,2026-06-08T04:43:10.977295
images/green/1143.jpg,大众,2026-06-08T04:43:10.977295
images/green/1167.jpg,大众,2026-06-08T04:43:10.977295
images/green/1208.jpg,大众,2026-06-08T04:43:10.977295
images/green/1239.jpg,大众,2026-06-08T04:43:10.977295
images/green/1408.jpg,其他,2026-06-08T04:43:10.977295
images/green/157.jpg,大众,2026-06-08T04:43:10.977295
images/green/161.jpg,大众,2026-06-08T04:43:10.977295
images/green/1795.jpg,大众,2026-06-08T04:43:10.977295
images/green/1797.jpg,其他,2026-06-08T04:43:10.977295
images/green/1820.jpg,大众,2026-06-08T04:43:10.977295
images/green/1831.jpg,大众,2026-06-08T04:43:10.977295
images/green/1926.jpg,大众,2026-06-08T04:43:10.977295
images/green/1982.jpg,大众,2026-06-08T04:43:10.977295
images/green/1993.jpg,大众,2026-06-08T04:43:10.977295
images/green/2018.jpg,大众,2026-06-08T04:43:10.977295
images/green/205.jpg,大众,2026-06-08T04:43:10.977295
images/green/2060.jpg,大众,2026-06-08T04:43:10.977295
images/green/2062.jpg,大众,2026-06-08T04:43:10.977295
images/green/2083.jpg,大众,2026-06-08T04:43:10.977295
images/green/210.jpg,大众,2026-06-08T04:43:10.977295
images/green/2110.jpg,大众,2026-06-08T04:43:10.977295
images/green/2111.jpg,大众,2026-06-08T04:43:10.977295
images/green/2119.jpg,大众,2026-06-08T04:43:10.977295
images/green/2124.jpg,大众,2026-06-08T04:43:10.977295
images/green/2126.jpg,大众,2026-06-08T04:43:10.977295
images/green/2153.jpg,大众,2026-06-08T04:43:10.977295
images/green/2175.jpg,大众,2026-06-08T04:43:10.977295
images/green/2177.jpg,大众,2026-06-08T04:43:10.977295
images/green/2268.jpg,大众,2026-06-08T04:43:10.977295
images/green/2303.jpg,大众,2026-06-08T04:43:10.977295
images/green/271.jpg,大众,2026-06-08T04:43:10.977295
images/green/29.jpg,大众,2026-06-08T04:43:10.977295
images/green/297.jpg,大众,2026-06-08T04:43:10.977295
images/green/302.jpg,大众,2026-06-08T04:43:10.977295
images/green/334.jpg,大众,2026-06-08T04:43:10.977295
images/green/342.jpg,大众,2026-06-08T04:43:10.977295
images/green/346.jpg,大众,2026-06-08T04:43:10.977295
images/green/35.jpg,大众,2026-06-08T04:43:10.977295
images/green/381.jpg,大众,2026-06-08T04:43:10.977295
images/green/39.jpg,大众,2026-06-08T04:43:10.977295
images/green/445.jpg,大众,2026-06-08T04:43:10.977295
images/green/446.jpg,大众,2026-06-08T04:43:10.977295
images/green/466.jpg,大众,2026-06-08T04:43:10.977295
images/green/478.jpg,大众,2026-06-08T04:43:10.977295
images/green/520.jpg,大众,2026-06-08T04:43:10.977295
images/green/577.jpg,大众,2026-06-08T04:43:10.977295
images/green/578.jpg,大众,2026-06-08T04:43:10.977295
images/green/598.jpg,大众,2026-06-08T04:43:10.977295
images/green/629.jpg,大众,2026-06-08T04:43:10.977295
images/green/636.jpg,大众,2026-06-08T04:43:10.977295
images/green/715.jpg,大众,2026-06-08T04:43:10.977295
images/green/932.jpg,大众,2026-06-08T04:43:10.977295
images/minibus/1001.jpg,长安,2026-06-08T04:43:10.977295
images/minibus/1079.jpg,哈飞,2026-06-08T04:43:10.977295
images/minibus/1087.jpg,长安,2026-06-08T04:43:10.977295
images/minibus/1121.jpg,五菱,2026-06-08T04:43:10.977295
images/minibus/1134.jpg,五菱,2026-06-08T04:43:10.977295
images/minibus/115.jpg,一汽,2026-06-08T04:43:10.977295
images/minibus/116.jpg,长安,2026-06-08T04:43:10.977295
images/minibus/1160.jpg,五菱,2026-06-08T04:43:10.977295
images/minibus/117.jpg,其他,2026-06-08T04:43:10.977295
images/minibus/1172.jpg,长安,2026-06-08T04:43:10.977295
images/minibus/1204.jpg,五菱,2026-06-08T04:43:10.977295
images/minibus/121.jpg,五菱,2026-06-08T04:43:10.977295
images/minibus/1213.jpg,长安,2026-06-08T04:43:10.977295
images/minibus/1222.jpg,长安,2026-06-08T04:43:10.977295
images/minibus/1223.jpg,长安,2026-06-08T04:43:10.977295
images/minibus/1278.jpg,五菱,2026-06-08T04:43:10.977295
images/minibus/1287.jpg,五菱,2026-06-08T04:43:10.977295
images/minibus/1291.jpg,长安,2026-06-08T04:43:10.977295
images/minibus/1335.jpg,长安,2026-06-08T04:43:10.977295
images/minibus/1343.jpg,五菱,2026-06-08T04:43:10.977295
images/minibus/1349.jpg,五菱,2026-06-08T04:43:10.977295
images/minibus/1374.jpg,五菱,2026-06-08T04:43:10.977295
images/minibus/1388.jpg,五菱,2026-06-08T04:43:10.977295
images/minibus/1413.jpg,五菱,2026-06-08T04:43:10.977295
images/minibus/1417.jpg,其他,2026-06-08T04:43:10.977295
images/minibus/1418.jpg,长安,2026-06-08T04:43:10.977295
images/minibus/1450.jpg,长安,2026-06-08T04:43:10.977295
images/minibus/1459.jpg,长安,2026-06-08T04:43:10.977295
images/minibus/1496.jpg,五菱,2026-06-08T04:43:10.977295
images/minibus/1549.jpg,五菱,2026-06-08T04:43:10.977295
images/minibus/1551.jpg,五菱,2026-06-08T04:43:10.977295
images/minibus/1558.jpg,五菱,2026-06-08T04:43:10.977295
images/minibus/1569.jpg,五菱,2026-06-08T04:43:10.977295
images/minibus/1570.jpg,哈飞,2026-06-08T04:43:10.977295
images/minibus/1580.jpg,长安,2026-06-08T04:43:10.977295
images/minibus/171.jpg,长安,2026-06-08T04:43:10.977295
images/minibus/20.jpg,一汽,2026-06-08T04:43:10.977295
images/minibus/340.jpg,五菱,2026-06-08T04:43:10.977295
images/minibus/341.jpg,东风,2026-06-08T04:43:10.977295
images/minibus/543.jpg,五菱,2026-06-08T04:43:10.977295
images/minibus/627.jpg,五菱,2026-06-08T04:43:10.977295
images/minibus/648.jpg,长安,2026-06-08T04:43:10.977295
images/minibus/681.jpg,长安,2026-06-08T04:43:10.977295
images/minibus/689.jpg,长安,2026-06-08T04:43:10.977295
images/minibus/711.jpg,长安,2026-06-08T04:43:10.977295
images/minibus/725.jpg,五菱,2026-06-08T04:43:10.977295
images/minibus/760.jpg,长安,2026-06-08T04:43:10.977295
images/minibus/766.jpg,长安,2026-06-08T04:43:10.977295
images/minibus/793.jpg,长安,2026-06-08T04:43:10.977295
images/minibus/805.jpg,五菱,2026-06-08T04:43:10.977295
images/minibus/806.jpg,五菱,2026-06-08T04:43:10.977295
images/minibus/837.jpg,铃木,2026-06-08T04:43:10.977295
images/minibus/849.jpg,长安,2026-06-08T04:43:10.977295
images/minibus/857.jpg,一汽,2026-06-08T04:43:10.977295
images/minibus/864.jpg,长安,2026-06-08T04:43:10.977295
images/minibus/892.jpg,五菱,2026-06-08T04:43:10.977295
images/minibus/926.jpg,五菱,2026-06-08T04:43:10.977295
images/minibus/952.jpg,长安,2026-06-08T04:43:10.977295
images/minibus/958.jpg,江淮,2026-06-08T04:43:10.977295
images/minibus/963.jpg,五菱,2026-06-08T04:43:10.977295
images/minibus/973.jpg,五菱,2026-06-08T04:43:10.977295
images/red/1012.jpg,别克,2026-06-08T04:43:10.977295
images/red/1014.jpg,雪佛兰,2026-06-08T04:43:10.977295
images/red/1037.jpg,别克,2026-06-08T04:43:10.977295
images/red/1082.jpg,标致,2026-06-08T04:43:10.977295
images/red/1092.jpg,别克,2026-06-08T04:43:10.977295
images/red/1093.jpg,标致,2026-06-08T04:43:10.977295
images/red/1102.jpg,其他,2026-06-08T04:43:10.977295
images/red/1106.jpg,其他,2026-06-08T04:43:10.977295
images/red/112.jpg,其他,2026-06-08T04:43:10.977295
images/red/1127.jpg,其他,2026-06-08T04:43:10.977295
images/red/1170.jpg,现代,2026-06-08T04:43:10.977295
images/red/1190.jpg,雪佛兰,2026-06-08T04:43:10.977295
images/red/124.jpg,雪佛兰,2026-06-08T04:43:10.977295
images/red/1251.jpg,一汽,2026-06-08T04:43:10.977295
images/red/1269.jpg,其他,2026-06-08T04:43:10.977295
images/red/133.jpg,福田,2026-06-08T04:43:10.977295
images/red/18.jpg,长安,2026-06-08T04:43:10.977295
images/red/187.jpg,一汽,2026-06-08T04:43:10.977295
images/red/194.jpg,其他,2026-06-08T04:43:10.977295
images/red/203.jpg,其他,2026-06-08T04:43:10.977295
images/red/212.jpg,其他,2026-06-08T04:43:10.977295
images/red/214.jpg,江淮,2026-06-08T04:43:10.977295
images/red/220.jpg,其他,2026-06-08T04:43:10.977295
images/red/223.jpg,丰田,2026-06-08T04:43:10.977295
images/red/24.jpg,福特,2026-06-08T04:43:10.977295
images/red/240.jpg,福特,2026-06-08T04:43:10.977295
images/red/293.jpg,福特,2026-06-08T04:43:10.977295
images/red/308.jpg,其他,2026-06-08T04:43:10.977295
images/red/312.jpg,其他,2026-06-08T04:43:10.977295
images/red/323.jpg,别克,2026-06-08T04:43:10.977295
images/red/36.jpg,别克,2026-06-08T04:43:10.977295
images/red/380.jpg,长城,2026-06-08T04:43:10.977295
images/red/385.jpg,大众,2026-06-08T04:43:10.977295
images/red/399.jpg,其他,2026-06-08T04:43:10.977295
images/red/433.jpg,其他,2026-06-08T04:43:10.977295
images/red/436.jpg,长安,2026-06-08T04:43:10.977295
images/red/468.jpg,雪佛兰,2026-06-08T04:43:10.977295
images/red/470.jpg,一汽,2026-06-08T04:43:10.977295
images/red/477.jpg,别克,2026-06-08T04:43:10.977295
images/red/493.jpg,其他,2026-06-08T04:43:10.977295
images/red/529.jpg,长安,2026-06-08T04:43:10.977295
images/red/53.jpg,福特,2026-06-08T04:43:10.977295
images/red/568.jpg,起亚,2026-06-08T04:43:10.977295
images/red/570.jpg,其他,2026-06-08T04:43:10.977295
images/red/58.jpg,其他,2026-06-08T04:43:10.977295
images/red/585.jpg,江淮,2026-06-08T04:43:10.977295
images/red/59.jpg,其他,2026-06-08T04:43:10.977295
images/red/639.jpg,日产,2026-06-08T04:43:10.977295
images/red/649.jpg,奇瑞,2026-06-08T04:43:10.977295
images/red/65.jpg,比亚迪,2026-06-08T04:43:10.977295
images/red/667.jpg,长安,2026-06-08T04:43:10.977295
images/red/684.jpg,奔驰,2026-06-08T04:43:10.977295
images/red/708.jpg,其他,2026-06-08T04:43:10.977295
images/red/723.jpg,福特,2026-06-08T04:43:10.977295
images/red/753.jpg,其他,2026-06-08T04:43:10.977295
images/red/788.jpg,雪佛兰,2026-06-08T04:43:10.977295
images/red/801.jpg,别克,2026-06-08T04:43:10.977295
images/red/829.jpg,别克,2026-06-08T04:43:10.977295
images/red/830.jpg,别克,2026-06-08T04:43:10.977295
images/red/831.jpg,别克,2026-06-08T04:43:10.977295
images/red/842.jpg,比亚迪,2026-06-08T04:43:10.977295
images/red/94.jpg,大众,2026-06-08T04:43:10.977295
images/silver/1024.jpg,其他,2026-06-08T04:43:10.977295
images/silver/1089.jpg,长安,2026-06-08T04:43:10.977295
images/silver/1129.jpg,其他,2026-06-08T04:43:10.977295
images/silver/1248.jpg,五菱,2026-06-08T04:43:10.977295
images/silver/131.jpg,其他,2026-06-08T04:43:10.977295
images/silver/1349.jpg,五菱,2026-06-08T04:43:10.977295
images/silver/1681.jpg,别克,2026-06-08T04:43:10.977295
images/silver/1796.jpg,长安,2026-06-08T04:43:10.977295
images/silver/182.jpg,大众,2026-06-08T04:43:10.977295
images/silver/184.jpg,日产,2026-06-08T04:43:10.977295
images/silver/2019.jpg,其他,2026-06-08T04:43:10.977295
images/silver/2021.jpg,其他,2026-06-08T04:43:10.977295
images/silver/2022.jpg,其他,2026-06-08T04:43:10.977295
images/silver/2026.jpg,雪铁龙,2026-06-08T04:43:10.977295
images/silver/221.jpg,长安,2026-06-08T04:43:10.977295
images/silver/251.jpg,长城,2026-06-08T04:43:10.977295
images/silver/267.jpg,东风,2026-06-08T04:43:10.977295
images/silver/290.jpg,日产,2026-06-08T04:43:10.977295
images/silver/33.jpg,其他,2026-06-08T04:43:10.977295
images/silver/34.jpg,长安,2026-06-08T04:43:10.977295
images/silver/3415.jpg,五菱,2026-06-08T04:43:10.977295
images/silver/3428.jpg,五菱,2026-06-08T04:43:10.977295
images/silver/3433.jpg,五菱,2026-06-08T04:43:10.977295
images/silver/3434.jpg,江淮,2026-06-08T04:43:10.977295
images/silver/3435.jpg,长安,2026-06-08T04:43:10.977295
images/silver/3475.jpg,长安,2026-06-08T04:43:10.977295
images/silver/3491.jpg,长安,2026-06-08T04:43:10.977295
images/silver/3510.jpg,五菱,2026-06-08T04:43:10.977295
images/silver/3533.jpg,别克,2026-06-08T04:43:10.977295
images/silver/3538.jpg,长安,2026-06-08T04:43:10.977295
images/silver/3539.jpg,长安,2026-06-08T04:43:10.977295
images/silver/3540.jpg,标致,2026-06-08T04:43:10.977295
images/silver/3567.jpg,五菱,2026-06-08T04:43:10.977295
images/silver/3601.jpg,长城,2026-06-08T04:43:10.977295
images/silver/3637.jpg,长安,2026-06-08T04:43:10.977295
images/silver/3642.jpg,五菱,2026-06-08T04:43:10.977295
images/silver/3680.jpg,五菱,2026-06-08T04:43:10.977295
images/silver/3708.jpg,长安,2026-06-08T04:43:10.977295
images/silver/3720.jpg,长安,2026-06-08T04:43:10.977295
images/silver/377.jpg,标致,2026-06-08T04:43:10.977295
images/silver/378.jpg,五菱,2026-06-08T04:43:10.977295
images/silver/379.jpg,雪佛兰,2026-06-08T04:43:10.977295
images/silver/3818.jpg,长城,2026-06-08T04:43:10.977295
images/silver/382.jpg,长城,2026-06-08T04:43:10.977295
images/silver/3831.jpg,别克,2026-06-08T04:43:10.977295
images/silver/422.jpg,日产,2026-06-08T04:43:10.977295
images/silver/447.jpg,其他,2026-06-08T04:43:10.977295
images/silver/450.jpg,长安,2026-06-08T04:43:10.977295
images/silver/599.jpg,五菱,2026-06-08T04:43:10.977295
images/silver/674.jpg,海马,2026-06-08T04:43:10.977295
images/silver/870.jpg,现代,2026-06-08T04:43:10.977295
images/silver/872.jpg,福特,2026-06-08T04:43:10.977295
images/silver/936.jpg,丰田,2026-06-08T04:43:10.977295
images/truck/1.jpg,东风,2026-06-08T04:43:10.977295
images/truck/1036.jpg,东风,2026-06-08T04:43:10.977295
images/truck/1066.jpg,江淮,2026-06-08T04:43:10.977295
images/truck/1073.jpg,江铃,2026-06-08T04:43:10.977295
images/truck/1078.jpg,江淮,2026-06-08T04:43:10.977295
images/truck/1111.jpg,其他,2026-06-08T04:43:10.977295
images/truck/1119.jpg,福田,2026-06-08T04:43:10.977295
images/truck/1122.jpg,其他,2026-06-08T04:43:10.977295
images/truck/12.jpg,福田,2026-06-08T04:43:10.977295
images/truck/1235.jpg,一汽,2026-06-08T04:43:10.977295
images/truck/1236.jpg,江淮,2026-06-08T04:43:10.977295
images/truck/1266.jpg,其他,2026-06-08T04:43:10.977295
images/truck/1280.jpg,东风,2026-06-08T04:43:10.977295
images/truck/1301.jpg,其他,2026-06-08T04:43:10.977295
images/truck/1307.jpg,一汽,2026-06-08T04:43:10.977295
images/truck/1323.jpg,一汽,2026-06-08T04:43:10.977295
images/truck/1324.jpg,一汽,2026-06-08T04:43:10.977295
images/truck/1336.jpg,江铃,2026-06-08T04:43:10.977295
images/truck/1338.jpg,东风,2026-06-08T04:43:10.977295
images/truck/1339.jpg,东风,2026-06-08T04:43:10.977295
images/truck/1354.jpg,一汽,2026-06-08T04:43:10.977295
images/truck/1363.jpg,一汽,2026-06-08T04:43:10.977295
images/truck/1512.jpg,福田,2026-06-08T04:43:10.977295
images/truck/1520.jpg,东风,2026-06-08T04:43:10.977295
images/truck/1530.jpg,一汽,2026-06-08T04:43:10.977295
images/truck/1577.jpg,江铃,2026-06-08T04:43:10.977295
images/truck/1578.jpg,一汽,2026-06-08T04:43:10.977295
images/truck/1650.jpg,一汽,2026-06-08T04:43:10.977295
images/truck/1657.jpg,一汽,2026-06-08T04:43:10.977295
images/truck/1758.jpg,一汽,2026-06-08T04:43:10.977295
images/truck/1784.jpg,福田,2026-06-08T04:43:10.977295
images/truck/186.jpg,福田,2026-06-08T04:43:10.977295
images/truck/190.jpg,福田,2026-06-08T04:43:10.977295
images/truck/191.jpg,一汽,2026-06-08T04:43:10.977295
images/truck/1940.jpg,一汽,2026-06-08T04:43:10.977295
images/truck/1941.jpg,一汽,2026-06-08T04:43:10.977295
images/truck/196.jpg,一汽,2026-06-08T04:43:10.977295
images/truck/21.jpg,福田,2026-06-08T04:43:10.977295
images/truck/219.jpg,江铃,2026-06-08T04:43:10.977295
images/truck/2220.jpg,一汽,2026-06-08T04:43:10.977295
images/truck/26.jpg,福田,2026-06-08T04:43:10.977295
images/truck/291.jpg,一汽,2026-06-08T04:43:10.977295
images/truck/298.jpg,江淮,2026-06-08T04:43:10.977295
images/truck/3187.jpg,其他,2026-06-08T04:43:10.977295
images/truck/3257.jpg,其他,2026-06-08T04:43:10.977295
images/truck/3282.jpg,一汽,2026-06-08T04:43:10.977295
images/truck/3296.jpg,福田,2026-06-08T04:43:10.977295
images/truck/332.jpg,江铃,2026-06-08T04:43:10.977295
images/truck/3332.jpg,一汽,2026-06-08T04:43:10.977295
images/truck/3350.jpg,其他,2026-06-08T04:43:10.977295
images/truck/347.jpg,江铃,2026-06-08T04:43:10.977295
images/truck/370.jpg,福田,2026-06-08T04:43:10.977295
images/truck/382.jpg,长城,2026-06-08T04:43:10.977295
images/truck/484.jpg,其他,2026-06-08T04:43:10.977295
images/truck/506.jpg,其他,2026-06-08T04:43:10.977295
images/truck/542.jpg,福田,2026-06-08T04:43:10.977295
images/truck/580.jpg,其他,2026-06-08T04:43:10.977295
images/truck/626.jpg,其他,2026-06-08T04:43:10.977295
images/truck/73.jpg,一汽,2026-06-08T04:43:10.977295
images/truck/74.jpg,其他,2026-06-08T04:43:10.977295
images/truck/75.jpg,金杯,2026-06-08T04:43:10.977295
images/truck/76.jpg,金杯,2026-06-08T04:43:10.977295
images/truck/77.jpg,金杯,2026-06-08T04:43:10.977295
images/truck/78.jpg,金杯,2026-06-08T04:43:10.977295
images/truck/79.jpg,金杯,2026-06-08T04:43:10.977295
images/truck/796.jpg,其他,2026-06-08T04:43:10.977295
images/truck/80.jpg,东风,2026-06-08T04:43:10.977295
images/truck/804.jpg,福田,2026-06-08T04:43:10.977295
images/truck/81.jpg,金杯,2026-06-08T04:43:10.977295
images/truck/89.jpg,其他,2026-06-08T04:43:10.977295
images/white/1.jpg,东风,2026-06-08T04:43:10.977295
images/white/109.jpg,比亚迪,2026-06-08T04:43:10.977295
images/white/123.jpg,长安,2026-06-08T04:43:10.977295
images/white/126.jpg,福田,2026-06-08T04:43:10.977295
images/white/127.jpg,福特,2026-06-08T04:43:10.977295
images/white/132.jpg,长安,2026-06-08T04:43:10.977295
images/white/137.jpg,五菱,2026-06-08T04:43:10.977295
images/white/140.jpg,起亚,2026-06-08T04:43:10.977295
images/white/148.jpg,其他,2026-06-08T04:43:10.977295
images/white/151.jpg,金杯,2026-06-08T04:43:10.977295
images/white/152.jpg,别克,2026-06-08T04:43:10.977295
images/white/166.jpg,五菱,2026-06-08T04:43:10.977295
images/white/174.jpg,丰田,2026-06-08T04:43:10.977295
images/white/175.jpg,福特,2026-06-08T04:43:10.977295
images/white/211.jpg,五菱,2026-06-08T04:43:10.977295
images/white/213.jpg,长安,2026-06-08T04:43:10.977295
images/white/236.jpg,丰田,2026-06-08T04:43:10.977295
images/white/254.jpg,五菱,2026-06-08T04:43:10.977295
images/white/256.jpg,其他,2026-06-08T04:43:10.977295
images/white/257.jpg,雪佛兰,2026-06-08T04:43:10.977295
images/white/267.jpg,东风,2026-06-08T04:43:10.977295
images/white/269.jpg,五菱,2026-06-08T04:43:10.977295
images/white/270.jpg,别克,2026-06-08T04:43:10.977295
images/white/277.jpg,标致,2026-06-08T04:43:10.977295
images/white/278.jpg,别克,2026-06-08T04:43:10.977295
images/white/286.jpg,现代,2026-06-08T04:43:10.977295
images/white/287.jpg,丰田,2026-06-08T04:43:10.977295
images/white/294.jpg,其他,2026-06-08T04:43:10.977295
images/white/306.jpg,其他,2026-06-08T04:43:10.977295
images/white/317.jpg,别克,2026-06-08T04:43:10.977295
images/white/321.jpg,五菱,2026-06-08T04:43:10.977295
images/white/322.jpg,其他,2026-06-08T04:43:10.977295
images/white/324.jpg,其他,2026-06-08T04:43:10.977295
images/white/331.jpg,其他,2026-06-08T04:43:10.977295
images/white/340.jpg,五菱,2026-06-08T04:43:10.977295
images/white/341.jpg,东风,2026-06-08T04:43:10.977295
images/white/343.jpg,五菱,2026-06-08T04:43:10.977295
images/white/347.jpg,江铃,2026-06-08T04:43:10.977295
images/white/348.jpg,起亚,2026-06-08T04:43:10.977295
images/white/44.jpg,现代,2026-06-08T04:43:10.977295
images/white/54.jpg,现代,2026-06-08T04:43:10.977295
images/white/596.jpg,雪佛兰,2026-06-08T04:43:10.977295
images/white/600.jpg,宝马,2026-06-08T04:43:10.977295
images/white/603.jpg,雪铁龙,2026-06-08T04:43:10.977295
images/white/604.jpg,福特,2026-06-08T04:43:10.977295
images/white/605.jpg,大众,2026-06-08T04:43:10.977295
images/white/688.jpg,比亚迪,2026-06-08T04:43:10.977295
images/white/689.jpg,长安,2026-06-08T04:43:10.977295
images/white/69.jpg,五菱,2026-06-08T04:43:10.977295
images/white/700.jpg,其他,2026-06-08T04:43:10.977295
images/white/704.jpg,五菱,2026-06-08T04:43:10.977295
images/white/705.jpg,其他,2026-06-08T04:43:10.977295
images/white/706.jpg,长安,2026-06-08T04:43:10.977295
images/white/707.jpg,起亚,2026-06-08T04:43:10.977295
images/white/711.jpg,长安,2026-06-08T04:43:10.977295
images/white/713.jpg,比亚迪,2026-06-08T04:43:10.977295
images/white/721.jpg,大众,2026-06-08T04:43:10.977295
images/white/781.jpg,马自达,2026-06-08T04:43:10.977295
images/white/783.jpg,别克,2026-06-08T04:43:10.977295
images/white/784.jpg,其他,2026-06-08T04:43:10.977295
images/white/8.jpg,长安,2026-06-08T04:43:10.977295
images/white/806.jpg,五菱,2026-06-08T04:43:10.977295
images/white/81.jpg,金杯,2026-06-08T04:43:10.977295
images/white/82.jpg,福特,2026-06-08T04:43:10.977295
images/white/9.jpg,其他,2026-06-08T04:43:10.977295
images/white/910.jpg,宝马,2026-06-08T04:43:10.977295
images/white/919.jpg,福田,2026-06-08T04:43:10.977295
images/white/92.jpg,比亚迪,2026-06-08T04:43:10.977295
images/white/929.jpg,荣威,2026-06-08T04:43:10.977295
images/white/93.jpg,别克,2026-06-08T04:43:10.977295
images/white/930.jpg,长安,2026-06-08T04:43:10.977295
images/yellow/1195.jpg,江铃,2026-06-08T04:43:10.977295
images/yellow/1931.jpg,长安,2026-06-08T04:43:10.977295
images/yellow/2146.jpg,日产,2026-06-08T04:43:10.977295
images/yellow/2281.jpg,其他,2026-06-08T04:43:10.977295
images/yellow/2566.jpg,奇瑞,2026-06-08T04:43:10.977295
images/yellow/2611.jpg,雪佛兰,2026-06-08T04:43:10.977295
images/yellow/2646.jpg,江淮,2026-06-08T04:43:10.977295
images/yellow/2790.jpg,日产,2026-06-08T04:43:10.977295
images/yellow/2893.jpg,其他,2026-06-08T04:43:10.977295
images/yellow/30.jpg,长安,2026-06-08T04:43:10.977295
images/yellow/3210.jpg,长安,2026-06-08T04:43:10.977295
images/yellow/3344.jpg,福田,2026-06-08T04:43:10.977295
images/yellow/3372.jpg,金杯,2026-06-08T04:43:10.977295
images/yellow/3422.jpg,其他,2026-06-08T04:43:10.977295
images/yellow/3777.jpg,大众,2026-06-08T04:43:10.977295
images/yellow/628.jpg,奇瑞,2026-06-08T04:43:10.977295
images/yellow/796.jpg,其他,2026-06-08T04:43:10.977295
images/yellow/Flip_Hor_0.jpg,江铃,2026-06-08T04:43:10.977295
images/yellow/Flip_Hor_1.jpg,长安,2026-06-08T04:43:10.977295
images/yellow/Flip_Hor_10.jpg,长安,2026-06-08T04:43:10.977295
images/yellow/Flip_Hor_11.jpg,福田,2026-06-08T04:43:10.977295
images/yellow/Flip_Hor_12.jpg,金杯,2026-06-08T04:43:10.977295
images/yellow/Flip_Hor_13.jpg,其他,2026-06-08T04:43:10.977295
images/yellow/Flip_Hor_14.jpg,大众,2026-06-08T04:43:10.977295
images/yellow/Flip_Hor_15.jpg,奇瑞,2026-06-08T04:43:10.977295
images/yellow/Flip_Hor_16.jpg,其他,2026-06-08T04:43:10.977295
images/yellow/Flip_Hor_2.jpg,日产,2026-06-08T04:43:10.977295
images/yellow/Flip_Hor_3.jpg,其他,2026-06-08T04:43:10.977295
images/yellow/Flip_Hor_4.jpg,奇瑞,2026-06-08T04:43:10.977295
images/yellow/Flip_Hor_5.jpg,雪佛兰,2026-06-08T04:43:10.977295
images/yellow/Flip_Hor_6.jpg,江淮,2026-06-08T04:43:10.977295
images/yellow/Flip_Hor_7.jpg,日产,2026-06-08T04:43:10.977295
images/yellow/Flip_Hor_8.jpg,其他,2026-06-08T04:43:10.977295
images/yellow/Flip_Hor_9.jpg,长安,2026-06-08T04:43:10.977295
images/yellow/Flip_Vec_0.jpg,江铃,2026-06-08T04:43:10.977295
images/yellow/Flip_Vec_1.jpg,其他,2026-06-08T04:43:10.977295
images/yellow/Flip_Vec_10.jpg,奇瑞,2026-06-08T04:43:10.977295
images/yellow/Flip_Vec_11.jpg,福田,2026-06-08T04:43:10.977295
images/yellow/Flip_Vec_12.jpg,其他,2026-06-08T04:43:10.977295
images/yellow/Flip_Vec_13.jpg,其他,2026-06-08T04:43:10.977295
images/yellow/Flip_Vec_14.jpg,大众,2026-06-08T04:43:10.977295
images/yellow/Flip_Vec_15.jpg,奇瑞,2026-06-08T04:43:10.977295
images/yellow/Flip_Vec_16.jpg,其他,2026-06-08T04:43:10.977295
images/yellow/Flip_Vec_2.jpg,日产,2026-06-08T04:43:10.977295
images/yellow/Flip_Vec_3.jpg,奇瑞,2026-06-08T04:43:10.977295
images/yellow/Flip_Vec_4.jpg,奇瑞,2026-06-08T04:43:10.977295
images/yellow/Flip_Vec_5.jpg,奇瑞,2026-06-08T04:43:10.977295
images/yellow/Flip_Vec_6.jpg,大众,2026-06-08T04:43:10.977295
images/yellow/Flip_Vec_7.jpg,其他,2026-06-08T04:43:10.977295
images/yellow/Flip_Vec_8.jpg,其他,2026-06-08T04:43:10.977295
images/yellow/Flip_Vec_9.jpg,奇瑞,2026-06-08T04:43:10.977295
images/yellow/Rotation_0.jpg,江铃,2026-06-08T04:43:10.977295
images/yellow/Rotation_1.jpg,其他,2026-06-08T04:43:10.977295
images/yellow/Rotation_10.jpg,长安,2026-06-08T04:43:10.977295
images/yellow/Rotation_11.jpg,其他,2026-06-08T04:43:10.977295
images/yellow/Rotation_12.jpg,金杯,2026-06-08T04:43:10.977295
images/yellow/Rotation_13.jpg,其他,2026-06-08T04:43:10.977295
images/yellow/Rotation_14.jpg,大众,2026-06-08T04:43:10.977295
images/yellow/Rotation_15.jpg,奇瑞,2026-06-08T04:43:10.977295
images/yellow/Rotation_16.jpg,其他,2026-06-08T04:43:10.977295
images/yellow/Rotation_2.jpg,日产,2026-06-08T04:43:10.977295
images/yellow/Rotation_3.jpg,其他,2026-06-08T04:43:10.977295
images/yellow/Rotation_4.jpg,奇瑞,2026-06-08T04:43:10.977295
images/yellow/Rotation_5.jpg,其他,2026-06-08T04:43:10.977295
images/yellow/Rotation_6.jpg,大众,2026-06-08T04:43:10.977295
images/yellow/Rotation_7.jpg,日产,2026-06-08T04:43:10.977295
images/yellow/Rotation_8.jpg,其他,2026-06-08T04:43:10.977295
images/yellow/Rotation_9.jpg,长安,2026-06-08T04:43:10.977295
images/yellow/Shift_0.jpg,江铃,2026-06-08T04:43:10.977295
images/yellow/Shift_1.jpg,长安,2026-06-08T04:43:10.977295
images/yellow/Shift_10.jpg,长安,2026-06-08T04:43:10.977295
images/yellow/Shift_11.jpg,福田,2026-06-08T04:43:10.977295
images/yellow/Shift_12.jpg,金杯,2026-06-08T04:43:10.977295
images/yellow/Shift_13.jpg,其他,2026-06-08T04:43:10.977295
images/yellow/Shift_14.jpg,大众,2026-06-08T04:43:10.977295
images/yellow/Shift_15.jpg,奇瑞,2026-06-08T04:43:10.977295
images/yellow/Shift_16.jpg,其他,2026-06-08T04:43:10.977295
images/yellow/Shift_2.jpg,日产,2026-06-08T04:43:10.977295
images/yellow/Shift_3.jpg,其他,2026-06-08T04:43:10.977295
images/yellow/Shift_4.jpg,奇瑞,2026-06-08T04:43:10.977295
images/yellow/Shift_5.jpg,雪佛兰,2026-06-08T04:43:10.977295
images/yellow/Shift_6.jpg,江淮,2026-06-08T04:43:10.977295
images/yellow/Shift_7.jpg,日产,2026-06-08T04:43:10.977295
images/yellow/Shift_8.jpg,其他,2026-06-08T04:43:10.977295
images/yellow/Shift_9.jpg,长安,2026-06-08T04:43:10.977295
